event_ID,order,figure,dialogue,background,figur_show,BGM,sfx,vfx,next_event,UID,Anchor
a04_dialogue,1,玩家,你沒事吧？,,,,,,,a04_dialogue_1,
a04_dialogue,2,琉璃,沒⋯⋯事⋯⋯,,,,,,,a04_dialogue_2,
a04_dialogue,3,系統,琉璃的臉上還留著剛才被觸手襲擊時的紅暈，並在地上大口的喘氣著,,,,,,,a04_dialogue_3,
a04_dialogue,4,玩家,是說觸手不是你控制的嗎，怎麼會突然暴走呢……？,,,,,,,a04_dialogue_4,
a04_dialogue,5,玩家,我在旁邊也被控制住，擔心你究竟發生什麼事，卻又無法順利掙脫……,,,,,,,a04_dialogue_5,
a04_dialogue,6,琉璃,就憑你下面鼓了一大包，還說擔心我啊⋯⋯?,,,,,,,a04_dialogue_6,
a04_dialogue,7,琉璃,難不成是看到我被觸手侵襲而興奮起來了？,,,,,,,a04_dialogue_7,
a04_dialogue,8,系統,說完。琉璃用手擋住了自己的胸前和下半身,,,,,,,a04_dialogue_8,
a04_dialogue,9,系統,由於剛被觸手給攻擊，衣服被破壞後、如今的琉璃維持著幾乎全裸的姿態跪坐在面前,,,,,,,a04_dialogue_9,
a04_dialogue,10,琉璃,嘛……算了，也不想想是誰的錯……,,,,,,,a04_dialogue_10,
a04_dialogue,11,系統,琉璃自己隱約的察覺到了觸手暴走的原因,,,,,,,a04_dialogue_11,
a04_dialogue,12,系統,被附身的人會因為強烈的感情波動，導致自身無法順利地控制本來能自由操縱的觸手,,,,,,,a04_dialogue_12,
a04_dialogue,13,系統,也因為這樣觸手才會突然冒出來，並本能的找尋最近的目標找尋發洩點,,,,,,,a04_dialogue_13,
a04_dialogue,14,琉璃,（這也代表著不管是肉體的原主人，或者是精神上佔據的我都已經認可了他）,,,,,,,a04_dialogue_14,
a04_dialogue,15,琉璃,（如今的我已經無法繼續維持著原本的狀態並佔據著琉璃了）,,,,,,,a04_dialogue_15,
a04_dialogue,16,琉璃,（是時候該做出抉擇了……）,,,,,,,a04_dialogue_16,
a04_dialogue,17,琉璃,呼……我已經好多了,,,,,,,a04_dialogue_17,
a04_dialogue,18,玩家,雖然有點摸不著頭緒，但沒事就好,,,,,,,a04_dialogue_18,
a04_dialogue,19,玩家,我去幫你弄套衣服過來,,,,,,,a04_dialogue_19,
a04_dialogue,20,琉璃,等等，在那之前先處理好你底下的那一大包吧,,,,,,,a04_dialogue_20,
a04_dialogue,21,琉璃,就你這樣子還有辦法出去嗎？,,,,,,,a04_dialogue_21,
a04_dialogue,22,玩家,我……你真的沒事了嗎……？,,,,,,,a04_dialogue_22,
a04_dialogue,23,琉璃,都說了沒事了，就憑這小小的觸手還想讓我滿足,,,,,,,a04_dialogue_23,
a04_dialogue,24,琉璃,搞得老娘現在慾火焚身的，趕緊把衣服給拖了吧,,,,,,,a04_dialogue_24,
a04_dialogue,25,琉璃,我是擔心你……但現在就先聽你的吧,,,,,,,a04_dialogue_25,
a04_dialogue,26,系統,我慢慢地脫去了身上的衣服,,,,,,a05_dialogue,a04_dialogue_26,
a05_dialogue,1,系統,琉璃也將原本破掉的衣服給脫去，如今一絲不掛的在我的面前,CG2,None,lyrical,,黑屏轉場,,a05_dialogue_1,
a05_dialogue,2,系統,臉上帶著紅暈的她，嘴角還留著剛才因為高潮而留下的口水,,,,,,,a05_dialogue_2,
a05_dialogue,3,系統,我用手抹去了她嘴角的唾液，隨後直直的吻了上去,,,,,,,a05_dialogue_3,
a05_dialogue,4,琉璃,哈嗯……？嗯……！,,,,,,,a05_dialogue_4,
a05_dialogue,5,系統,被奪去雙唇的琉璃一開始還因為震驚而感到抗拒，隨後便放棄了抵抗,,,,,,,a05_dialogue_5,
a05_dialogue,6,系統,琉璃的舌頭也主動纏了上來，像是要宣示主權一樣朝我反擊,,,,,,,a05_dialogue_6,
a05_dialogue,7,系統,而我也順著琉璃的舌頭，一起享受著接吻的快感,,,,,,,a05_dialogue_7,
a05_dialogue,8,系統,同時我將手伸往琉璃的下方，由於剛剛已經高潮過幾次，如今小穴也已經濕透不已,,,,,,,a05_dialogue_8,
a05_dialogue,9,玩家,看這樣子是能夠直接插進去了吧？,,,,,,,a05_dialogue_9,
a05_dialogue,10,琉璃,嗯……快點進來吧！,,,,,,,a05_dialogue_10,
a05_dialogue,11,系統,於是我挺出我的肉棒，狠狠的往琉璃的內部插了進去,,,,sex_sfx,,,a05_dialogue_11,
a05_dialogue,12,系統,在被觸手侵犯過的小穴，早已做好了準備將我的肉棒給吞了進去,,,,,,,a05_dialogue_12,
a05_dialogue,13,琉璃,啊嗯……！,,,,,,,a05_dialogue_13,
a05_dialogue,14,系統,一想到這個女人明明剛被觸手侵犯完，現在馬上又渴求著我的肉棒，讓我跟著興奮了起來,,,,,,,a05_dialogue_14,
a05_dialogue,15,玩家,（這女人是有多好色啊……）,,,,,,,a05_dialogue_15,
a05_dialogue,16,系統,但一想到剛剛被觸手侵犯的景象，又讓我有點吃醋了起來,,,,,,,a05_dialogue_16,
a05_dialogue,17,系統,於是我一口氣挺到了最深處，並激烈的抽插起來,,,,,,,a05_dialogue_17,
a05_dialogue,18,琉璃,呀嗚……好深……啊嗯！啊、啊、好激烈……,,,,,,,a05_dialogue_18,
a05_dialogue,19,琉璃,啊……嗯嗯……今天怎麼比以前都還要強勢不少……啊嗯！,,,,,,,a05_dialogue_19,
a05_dialogue,20,系統,像是要抹除剛剛觸手留下的痕跡一樣，我的肉棒不斷的往最深處做活塞運動,,,,,,,a05_dialogue_20,
a05_dialogue,21,系統,同時狠狠的吻了上去,,,,,,,a05_dialogue_21,
a05_dialogue,22,琉璃,嗯嗯嗯！嗯啾……啊嗚……嗯……,,,,,,,a05_dialogue_22,
a05_dialogue,23,琉璃,嗯嗯！啾、嗯！嗯！嗯！嗯啾……,,,,,,,a05_dialogue_23,
a05_dialogue,24,系統,舌頭在彼此的嘴唇中攪動著，同時腰部也激烈的碰撞再一起,,,,,,,a05_dialogue_24,
a05_dialogue,25,系統,每當我撞擊到最深處時，琉璃的身體就會顫抖一下,,,,,,,a05_dialogue_25,
a05_dialogue,26,系統,而我也不斷的朝著琉璃的弱點攻擊著,,,,,,,a05_dialogue_26,
a05_dialogue,27,琉璃,啊啊……那裡不行，嗯啊、好舒服、啊啊……,,,,,,,a05_dialogue_27,
a05_dialogue,28,琉璃,喜歡、啊啊……啊、啊、啊、最喜歡了,,,,,,,a05_dialogue_28,
a05_dialogue,29,系統,琉璃的嬌喘聲不斷的在耳邊環繞著，也證明了我是最能帶給琉璃快感的男人,,,,,,,a05_dialogue_29,
a05_dialogue,30,玩家,琉璃，我愛你，不管你變成什麼樣子我都會愛著你,,,,,,,a05_dialogue_30,
a05_dialogue,31,玩家,雖然我知道你還在迷惘著，但就放心交給我吧,,,,,,,a05_dialogue_31,
a05_dialogue,32,玩家,如今的我已經不能沒有你了，成為我的女人吧！,,,,,,,a05_dialogue_32,
a05_dialogue,33,琉璃,嗯……啊嗯……！我知道了啦……突然又來如此熱烈的告白,,,,,,,a05_dialogue_33,
a05_dialogue,34,琉璃,（這個人是都不會害羞的嗎……？）,,,,,,,a05_dialogue_34,
a05_dialogue,35,琉璃,你已經合格了啦……琉璃的命運就交付給你選擇了,,,,,,,a05_dialogue_35,
a05_dialogue,36,琉璃,不管你做出哪個選擇，只要有你在，琉璃肯定都能獲得幸福吧……,,,,,,,a05_dialogue_36,
a05_dialogue,37,琉璃,（如果那個夜裡的琉璃已經遇到了你，肯定就不會如此輕易的被我佔據吧）,,,,,,,a05_dialogue_37,
a05_dialogue,38,琉璃,做出你的選擇吧，不管怎樣我都會尊重並毫無保留的接受你的告白,,,,,,,a05_dialogue_38,
a05_dialogue,39,系統,隨著腰部的扭動，琉璃的陰道也緊緊的吸住我的肉棒,,,,,,,a05_dialogue_39,
a05_dialogue,40,系統,我也因為帶來的快感，終於忍不住想要射精的慾望……,,,,,,,a05_dialogue_40,
a05_dialogue,41,琉璃,啊嗯……嗯嗯……將你的全部射出來吧……,,,,,,,a05_dialogue_41,
a05_dialogue,42,琉璃,啊啊啊……啊嗯、嗯、嗯、啊……,,,,,,,a05_dialogue_42,
a05_dialogue,43,琉璃,啊嗯……去了……！,,,,,,a06_dialogue,a05_dialogue_43,
a06_dialogue,1,選項,（射在裡面）,CG2,None,lyrical,sex_sfx,,a07_dialogue,a06_dialogue_1,Jump
a06_dialogue,2,選項,（射在外面）,,,,,,a08_dialogue,a06_dialogue_2,
a07_dialogue,1,系統,我因為快感而將體內所留存的精液一滴不剩的射往琉璃的深處,,,,Stop,白屏閃現,,a07_dialogue_1,
a07_dialogue,2,琉璃,啊……啊啊……嗯嗯啊！,,,,,,,a07_dialogue_2,
a07_dialogue,3,琉璃,呼嗯……哈嗯、嗯……,練習室,琉璃立繪3,end,,黑屏轉場,,a07_dialogue_3,
a07_dialogue,4,系統,接受了大量精液的琉璃，露出了滿足了笑容，但那笑容中似乎也帶了點憂傷,,,,,,,a07_dialogue_4,
a07_dialogue,5,琉璃,呼……這就是你的選擇嗎，我知道了,,,,,,,a07_dialogue_5,
a07_dialogue,6,琉璃,這孩子就交給你了……,,,,,,,a07_dialogue_6,
a07_dialogue,7,琉璃,好好照顧她，不要再讓她因為挫折而陷入絕望中了,,,,,,,a07_dialogue_7,
a07_dialogue,8,琉璃,再見了……,,,,,,,a07_dialogue_8,
a07_dialogue,9,系統,隨後琉璃在我的懷中昏了過去，醒過來的她已經不記得之前所發生的事了,黑背景,None,,,黑屏轉場,,a07_dialogue_9,
a07_dialogue,10,系統,囂張的性格也消失無蹤，但本質還是那個為了夢想努力的女孩,,,,,,,a07_dialogue_10,
a07_dialogue,11,系統,可以看出原本被複製人所佔據的她，如今已恢復成了原本的琉璃,,,,,,,a07_dialogue_11,
a07_dialogue,12,系統,但感到混亂的琉璃卻異常的依賴著我，也代表她的身體或許已經在無意間將我視為能夠安心的存在了吧,,,,,,,a07_dialogue_12,
a07_dialogue,13,系統,相信在經過休養過後，琉璃肯定能夠重回舞台，並再度追隨著自己的夢想,,,,,,,a07_dialogue_13,
a07_dialogue,14,系統,即便發生任何事情，如今的琉璃也已經有了支撐她的存在,,,,,,,a07_dialogue_14,
a07_dialogue,15,系統,我也會不斷的聲援她、陪伴在她身邊，不再被奇怪的東西給纏上,,,,,,,a07_dialogue_15,
a07_dialogue,16,系統,將她推向自己夢想中，那舞台上最亮眼的一顆星……,,,,,,END1,a07_dialogue_16,
a08_dialogue,1,系統,在即將射出來的時候，我將陰莖拔出了琉璃的小穴,,,,Stop,白屏閃現,,a08_dialogue_1,
a08_dialogue,2,系統,滾燙的精液噴灑在了琉璃的身體上，將琉璃的身體染上了白色,,,,,,,a08_dialogue_2,
a08_dialogue,3,琉璃,啊……啊啊……嗯嗯啊！,,,,,,,a08_dialogue_3,
a08_dialogue,4,琉璃,呼嗯……哈嗯、好舒服……,,,,,,,a08_dialogue_4,
a08_dialogue,5,琉璃,為什麼……選擇射在了外面呢……？,練習室,琉璃立繪2,end,,黑屏轉場,,a08_dialogue_5,
a08_dialogue,6,琉璃,明明只差一步就能讓我因為高潮而將我淨化了,,,,,,,a08_dialogue_6,
a08_dialogue,7,玩家,我……雖然透過影像知道過去的琉璃有多麼努力和痛苦,,,,,,,a08_dialogue_7,
a08_dialogue,8,玩家,但是！即便如此對我而言、我所熟知的琉璃是眼前的你,,,,,,,a08_dialogue_8,
a08_dialogue,9,玩家,我想守護並支持的是那個不想讓琉璃感到痛苦而選擇另一條道路的你,,,,,,,a08_dialogue_9,
a08_dialogue,10,玩家,是你的努力才讓樂團沒有解散，並且再度重回舞台,,,,,,,a08_dialogue_10,
a08_dialogue,11,玩家,是你的努力才讓「琉璃」這個名字，成為人氣的樂團主唱,,,,,,,a08_dialogue_11,
a08_dialogue,12,玩家,這些都是我所看到，你對琉璃的溫柔之處,,,,,,,a08_dialogue_12,
a08_dialogue,13,玩家,因此我想支持的是那樣的你，是那個充滿自信氣勢又不輸人的琉璃,,,,,,,a08_dialogue_13,
a08_dialogue,14,玩家,並不是我放棄了原本的琉璃，而是我選擇了你,,,,,,,a08_dialogue_14,
a08_dialogue,15,玩家,就讓我背負著這樣的罪過，你就以琉璃的身分在舞台上發光發熱就行,,,,,,,a08_dialogue_15,
a08_dialogue,16,玩家,其它被病原體所感染的複製人我也會找方法讓他們恢復原狀，只要你能夠答應我不再感染周遭的其它人就好,,,,,,,a08_dialogue_16,
a08_dialogue,17,琉璃,……,,琉璃立繪3,,,,,a08_dialogue_17,
a08_dialogue,18,琉璃,你還真是個笨蛋,,,,,,,a08_dialogue_18,
a08_dialogue,19,琉璃,我知道了，既然這是你的選擇，我就答應你吧！,,,,,,,a08_dialogue_19,
a08_dialogue,20,琉璃,跟複製人相處可沒你想的容易喔……？尤其還有一大堆的善後處理需要弄,,,,,,,a08_dialogue_20,
a08_dialogue,21,玩家,哼！可別小看你的愛人，我可不會永遠被你觸手給壓得死死的,,,,,,,a08_dialogue_21,
a08_dialogue,22,琉璃,嗯……謝謝你,黑背景,None,,,黑屏轉場,,a08_dialogue_22,
a08_dialogue,23,琉璃,（也謝謝你選擇了我）,,,,,,,a08_dialogue_23,
a08_dialogue,24,琉璃,（即便琉璃已經受到了不少傷害，但我相信如果有你在身邊……肯定沒問題的！）,,,,,,,a08_dialogue_24,
a08_dialogue,25,琉璃,（我也會背負著｢琉璃｣這個名字，努力的活下去的……）,,,,,,END2,a08_dialogue_25,
